item,Theme,Category,beauty_mean,beauty_SD,N,subset,women_beauty_mean,men_beauty_mean
1,Acorns1,Object,4.86,1.48,140,subset2,4.81,4.91
2,Acorns2,Object,4.2,1.44,104,subset4,4.59,4.78
3,Acorns3,Object,5.16,1.37,368,subset1,5.71,5.99
4,Alcohol1,Object,3.48,1.13,145,subset3,4.61,4.32
5,Alcohol2,Object,4.3,1.68,104,subset4,4.31,4.04
6,Alcohol3,Object,4.45,1.59,104,subset4,4.74,4.68
7,Alcohol4,Object,5.05,1.49,368,subset1,3.82,4.40
8,Alcohol5,Object,5.19,1.22,145,subset3,3.66,4.22
9,Alcohol6,Object,4.41,1.51,104,subset4,3.93,3.77
10,Alcohol7,Object,4.68,1.47,104,subset4,3.86,3.95
11,Alcohol8,Object,5.41,1.40,104,subset4,3.66,3.52
12,Ambulance1,Object,3.37,1.81,140,subset2,4.04,4.23
13,Ambulance2,Object,2.88,1.44,140,subset2,5.07,5.78
14,Ambulance3,Object,3.33,1.68,140,subset2,3.49,3.81
15,Angryface1,Person,3.39,1.70,104,subset4,3.55,3.76
16,Angryface2,Person,2.88,1.51,368,subset1,5.22,5.53
17,Angryface3,Person,2.21,1.46,368,subset1,4.76,5.10
18,Angryface4,Person,2.08,1.44,140,subset2,5.10,5.19
19,Angryface5,Person,3.01,1.58,368,subset1,4.17,4.42
20,Angrypose1,Person,2.59,1.33,145,subset3,2.44,2.03
21,Angrypose2,Person,4.03,1.82,368,subset1,1.97,1.82
22,Animalcarcass1,Animal,2.49,1.59,145,subset3,4.28,4.76
23,Animalcarcass2,Animal,2.48,1.32,145,subset3,2.03,1.87
24,Animalcarcass3,Animal,3.39,1.85,104,subset4,3.55,3.22
25,Animalcarcass4,Animal,4.51,1.72,368,subset1,2.48,1.75
26,Animalcarcass5,Animal,1.98,1.41,104,subset4,2.54,2.20
27,Animalcarcass6,Animal,2.49,1.64,145,subset3,2.63,2.20
28,Archery1,Person,4.16,1.67,145,subset3,4.05,3.45
29,Archery2,Person,3.57,1.43,145,subset3,3.83,2.88
30,Astronaut1,Person,5.74,1.49,104,subset4,4.02,3.85
31,Astronaut2,Person,4.2,1.47,140,subset2,3.55,3.84
32,Baby1,Person,5.38,1.61,104,subset4,3.33,3.34
33,Baby2,Person,5.45,1.41,140,subset2,3.26,3.04
34,Baby3,Person,5.53,1.43,368,subset1,2.24,2.13
35,Baby4,Person,5.47,1.53,140,subset2,2.98,2.79
36,Baby5,Person,5.29,1.42,140,subset2,5.69,5.79
37,Baby6,Person,5.45,1.52,140,subset2,5.20,5.42
38,Baby7,Person,3.81,1.71,104,subset4,5.64,6.19
39,Baby8,Person,5.43,1.53,368,subset1,5.61,5.72
40,Baby9,Person,5.38,1.42,140,subset2,5.53,6.14
41,Baby10,Person,5.75,1.18,145,subset3,4.67,5.06
42,Band1,Person,4.26,1.39,368,subset1,4.17,3.82
43,Band2,Person,4.47,1.58,368,subset1,4.92,5.24
44,Bar1,Scene,4.6,1.48,368,subset1,4.77,5.00
45,Bar2,Scene,4.45,1.67,140,subset2,4.92,5.39
46,Bar3,Scene,3.93,1.46,145,subset3,3.30,3.36
47,Barbeque1,Person,3.63,1.57,140,subset2,4.93,5.26
48,Barbeque2,Person,4.01,1.67,368,subset1,5.14,5.58
49,Bark1,Object,4.04,1.49,145,subset3,4.97,5.30
50,Bark2,Object,4.07,1.60,368,subset1,4.69,5.22
51,Bark3,Object,4.38,1.51,140,subset2,3.98,3.99
52,Bark4,Object,4.35,1.47,145,subset3,5.14,5.38
53,Bark5,Object,4.39,1.54,104,subset4,5.25,5.56
54,Bark6,Object,4.23,1.55,368,subset1,5.51,5.52
55,Barrels1,Object,4.63,1.53,104,subset4,4.30,4.30
56,BDSM1,Person,3.46,1.68,145,subset3,4.79,4.61
57,BDSM2,Person,3.33,1.65,145,subset3,3.54,3.24
58,BDSM3,Person,3.14,1.77,104,subset4,4.24,4.61
59,Beach1,Scene,6.43,1.01,145,subset3,5.43,4.30
60,Beach2,Scene,6.5,0.93,368,subset1,4.77,4.47
61,Beach3,Scene,5.82,1.19,104,subset4,4.06,4.23
62,Beach4,Scene,5.44,1.38,140,subset2,3.58,3.57
63,Beach5,Scene,5.45,1.17,104,subset4,3.90,4.16
64,Beach6,Scene,5.27,1.22,145,subset3,4.63,5.08
65,Beach7,Scene,5.69,1.22,140,subset2,4.55,5.26
66,Beach8,Scene,5.74,1.28,104,subset4,5.40,5.70
67,Bear1,Animal,5.29,1.06,104,subset4,5.15,5.53
68,Bear2,Animal,5.43,1.21,145,subset3,3.04,2.72
69,Bear3,Animal,5.69,1.22,104,subset4,5.12,5.62
70,Bed1,Object,3.46,1.62,368,subset1,4.63,4.63
71,Bee1,Animal,4.54,1.76,368,subset1,3.89,4.10
72,Biking1,Person,4.38,1.53,104,subset4,4.95,5.39
73,Billiards1,Object,4.3,1.46,145,subset3,4.28,4.72
74,Bird1,Animal,5.99,1.22,140,subset2,5.13,5.30
75,Bird2,Animal,5.73,1.24,368,subset1,2.52,1.87
76,Bird3,Animal,5.66,1.20,368,subset1,2.55,1.87
77,Bird4,Animal,5.79,1.15,145,subset3,3.23,3.30
78,Bird5,Animal,4.65,1.49,104,subset4,2.69,2.18
79,Birthday1,Scene,5.1,1.30,140,subset2,2.17,2.23
80,Birthday2,Person,4.29,1.68,145,subset3,5.02,5.50
81,Birthday3,Scene,4.99,1.29,145,subset3,4.92,5.03
82,Bloodyknife1,Object,2.89,1.91,368,subset1,4.51,4.77
83,Bloodyknife2,Object,2.32,1.56,368,subset1,5.06,5.78
84,Boat1,Object,5.46,1.21,145,subset3,4.07,4.16
85,Boredface1,Person,2.26,1.27,140,subset2,5.93,6.48
86,Boredpose1,Person,3.25,1.54,140,subset2,4.94,5.23
87,Boredpose2,Person,2.66,1.38,140,subset2,5.69,6.30
88,Boredpose3,Person,3.03,1.55,104,subset4,4.42,4.72
89,Boredpose4,Person,3.06,1.44,145,subset3,4.12,4.23
90,Boredpose5,Person,3.8,1.32,145,subset3,2.13,2.04
91,Boredpose6,Person,4.75,1.54,368,subset1,3.61,3.18
92,Bottle1,Object,3.16,1.57,140,subset2,3.39,3.18
93,Boxing1,Person,3.37,1.49,145,subset3,3.19,3.16
94,Boxing2,Person,3.9,1.66,368,subset1,4.45,5.03
95,Bricks1,Object,3.79,1.56,104,subset4,5.27,5.57
96,Bridge1,Scene,6.14,1.07,368,subset1,5.30,5.58
97,Bubble1,Object,4.94,1.64,140,subset2,5.33,5.76
98,Bubble2,Object,5.17,1.15,145,subset3,4.76,5.12
99,Building1,Scene,5.46,1.31,140,subset2,5.13,5.10
100,Building2,Scene,5.85,1.18,368,subset1,5.17,5.60
101,Bungeejumping1,Person,4.47,1.55,368,subset1,2.87,3.12
102,Bungeejumping2,Person,4.18,1.56,104,subset4,4.70,4.92
103,Bungeejumping3,Person,4.71,1.53,104,subset4,5.44,5.84
104,Camping1,Person,4.11,1.49,145,subset3,3.75,3.68
105,Camping2,Person,3.96,1.47,140,subset2,5.04,4.88
106,Camping3,Person,3.83,1.40,145,subset3,4.52,5.01
107,Camping4,Person,3.91,1.54,140,subset2,3.61,4.05
108,Camping6,Person,3.57,1.53,145,subset3,3.52,3.00
109,Camping7,Person,4.13,1.39,145,subset3,4.70,4.96
110,Camping8,Person,3.64,1.49,145,subset3,4.25,4.46
111,Camping9,Person,3.66,1.54,368,subset1,5.13,5.47
112,Camping10,Scene,5.39,1.30,140,subset2,4.30,4.10
113,Candle1,Object,4.92,1.52,104,subset4,2.58,2.58
114,Car1,Object,5.12,1.50,145,subset3,5.21,5.57
115,Car2,Object,4.29,1.57,104,subset4,3.96,4.62
116,Caraccident1,Object,2.21,1.31,140,subset2,4.90,5.18
117,Caraccident2,Object,1.9,1.17,145,subset3,4.59,5.12
118,Caraccident3,Object,4.51,1.80,104,subset4,5.13,5.50
119,Caraccident4,Object,1.94,1.08,145,subset3,4.91,5.06
120,Carcrash1,Scene,2.09,1.40,140,subset2,4.74,4.82
121,Carcrash2,Scene,2.38,1.44,104,subset4,5.46,5.76
122,Carcrash3,Scene,2.42,1.45,104,subset4,1.75,1.72
123,Carrace1,Scene,3.72,1.68,140,subset2,2.29,2.41
124,Carrace2,Scene,3.38,1.61,104,subset4,3.73,4.32
125,Carrace3,Scene,3.93,1.57,368,subset1,2.03,1.92
126,Carrace4,Scene,3.69,1.61,145,subset3,3.98,3.96
127,Cardboard1,Object,3.34,1.59,140,subset2,3.53,4.16
128,Cardboard2,Object,3.15,1.56,104,subset4,3.35,3.04
129,Cardboard3,Object,2.17,1.34,145,subset3,3.54,4.12
130,Cat1,Animal,5.75,1.19,145,subset3,3.50,3.24
131,Cat2,Animal,5.32,1.33,140,subset2,3.69,4.56
132,Cat3,Animal,5.94,0.99,145,subset3,5.19,5.16
133,Cat4,Animal,5.66,1.35,104,subset4,4.38,4.38
134,Cat5,Animal,5.86,1.26,140,subset2,4.72,4.66
135,Cat6,Animal,4.86,1.44,104,subset4,2.66,2.36
136,Cat7,Animal,3.98,1.72,140,subset2,4.93,5.23
137,Cat8,Animal,5.08,1.59,368,subset1,4.33,4.56
138,Cat9,Animal,4.9,1.50,368,subset1,4.56,5.08
139,Cat10,Animal,5.18,1.50,140,subset2,4.72,4.67
140,Cat11,Animal,5.09,1.30,145,subset3,4.74,4.38
141,Cat12,Animal,5.38,1.45,140,subset2,4.30,4.68
142,Cat13,Animal,5.14,1.38,368,subset1,4.83,4.45
143,Cat14,Animal,4.98,1.51,140,subset2,2.72,2.51
144,Celebration1,Person,3.99,1.48,368,subset1,2.70,2.28
145,Celebration2,Scene,5.27,1.33,140,subset2,2.61,2.32
146,Cemetery1,Scene,5.43,1.52,145,subset3,2.72,2.26
147,Cemetery2,Scene,5.51,1.62,145,subset3,2.85,3.00
148,Cemetery3,Scene,4.3,1.72,140,subset2,2.46,2.14
149,Cemetery4,Scene,4.7,1.61,145,subset3,3.41,2.96
150,Cemetery5,Scene,4.42,1.70,145,subset3,2.24,1.84
151,Cheerleader1,Person,4.88,1.71,104,subset4,3.73,3.95
152,Cheerleader2,Person,4.61,1.57,140,subset2,2.37,2.36
153,Childlabor1,Person,4.14,1.52,145,subset3,2.10,1.85
154,Childlabor2,Person,3.57,1.73,140,subset2,5.75,5.96
155,Childlabor3,Person,4.02,1.45,145,subset3,3.83,4.06
156,Childlabor4,Person,4.85,1.57,104,subset4,3.52,3.12
157,Children1,Person,4.94,1.48,145,subset3,3.57,3.20
158,Chipmunk1,Animal,5.57,1.08,145,subset3,3.21,3.28
159,Chipmunk2,Animal,5.36,1.25,145,subset3,5.85,6.08
160,Chipmunk3,Animal,5.39,1.24,145,subset3,3.41,3.14
161,City1,Scene,4.64,1.59,368,subset1,3.23,3.61
162,Clean1,Object,3.99,1.64,104,subset4,3.57,3.24
163,Cliffdiver1,Person,5.19,1.29,140,subset2,2.86,2.84
164,Cliffdiver2,Person,4.49,1.52,104,subset4,3.04,2.84
165,Cliffdiver3,Person,5.22,1.31,140,subset2,2.89,3.07
166,Cockroach1,Animal,2.16,1.56,140,subset2,2.60,2.81
167,Cockroach2,Animal,2.18,1.54,140,subset2,3.22,2.99
168,Cockroach3,Animal,3.27,1.84,368,subset1,4.61,4.41
169,Cockroach4,Animal,2.44,1.67,104,subset4,3.00,3.36
170,Coffee1,Object,5.25,1.20,104,subset4,5.15,5.37
171,Cold1,Object,4.98,1.51,368,subset1,5.37,5.91
172,Cold2,Object,4.63,1.24,145,subset3,5.10,5.13
173,Cold3,Object,5.4,1.62,104,subset4,5.67,6.29
174,Cold4,Object,4.12,1.56,104,subset4,5.43,5.38
175,Cold5,Scene,6.19,0.99,104,subset4,5.83,6.08
176,Cold6,Person,5.08,1.32,368,subset1,5.69,6.05
177,Cold7,Person,5.98,1.28,104,subset4,5.12,5.29
178,Cold8,Object,4.57,1.45,368,subset1,4.31,4.64
179,Collaboration1,Person,4.18,1.56,368,subset1,2.37,1.56
180,Cottonswabs1,Object,3.4,1.70,104,subset4,4.98,5.43
181,Cottonswabs2,Object,3.26,1.50,145,subset3,4.85,5.15
182,Cottonswabs3,Object,3.17,1.62,104,subset4,5.57,5.50
183,Couple1,Person,4.74,1.67,368,subset1,5.22,5.16
184,Couple2,Person,5.43,1.13,145,subset3,4.91,5.50
185,Couple3,Person,5.46,1.24,145,subset3,3.54,4.00
186,Couple4,Person,5.54,1.47,104,subset4,5.16,5.61
187,Couple5,Animal,4.93,1.50,104,subset4,4.75,5.30
188,Couple6,Person,5.12,1.35,368,subset1,5.57,5.97
189,Couple7,Person,5.38,1.47,104,subset4,4.97,5.39
190,Couple8,Person,4.82,1.41,368,subset1,2.70,2.30
191,Couple9,Person,5.64,1.27,368,subset1,4.77,5.11
192,Crosswalk1,Scene,3.71,1.60,140,subset2,5.06,5.22
193,Crow1,Animal,4.96,1.48,104,subset4,5.19,5.43
194,Crow2,Animal,4.76,1.34,368,subset1,4.77,5.10
195,Cups1,Object,3.86,1.49,145,subset3,3.17,2.76
196,Cups2,Object,3.27,1.58,104,subset4,4.41,4.96
197,Cups3,Object,4.83,1.44,104,subset4,2.06,1.68
198,Cups4,Object,4.36,1.51,368,subset1,5.24,5.86
199,Dancing1,Person,5.32,1.27,145,subset3,4.69,4.66
200,Dancing2,Person,5.39,1.28,368,subset1,4.95,5.21
201,Dancing3,Person,4.28,1.71,104,subset4,4.39,3.95
202,Dancing4,Person,5.06,1.17,145,subset3,3.97,4.64
203,Dancing5,Person,4.85,1.54,104,subset4,3.93,4.16
204,Dancing6,Person,5.33,1.27,140,subset2,3.25,3.00
205,Dancing7,Person,4.98,1.63,104,subset4,3.36,3.56
206,Dancing8,Person,4.77,1.32,368,subset1,3.30,3.49
207,Dancing9,Person,5.61,1.22,368,subset1,4.70,4.68
208,Deadbodies1,Person,1.73,1.33,368,subset1,4.59,4.41
209,Deadbodies2,Person,2.35,1.82,368,subset1,2.02,1.66
210,Deadbodies3,Person,1.97,1.58,145,subset3,4.67,4.64
211,Depressedface1,Person,3.97,1.60,140,subset2,4.80,4.04
212,Depressedface2,Person,3.87,1.65,140,subset2,3.78,3.42
213,Depressedpose1,Person,3.2,1.55,104,subset4,3.86,4.18
214,Depressedpose2,Person,3.82,1.65,104,subset4,5.41,5.78
215,Depressedpose3,Person,3.38,1.58,104,subset4,4.74,4.36
216,Depressedpose4,Person,4.13,1.62,368,subset1,4.84,5.33
217,Desert1,Scene,5.17,1.54,145,subset3,4.43,5.04
218,Dessert1,Object,4.38,1.45,140,subset2,3.19,3.13
219,Dessert2,Object,4.69,1.46,104,subset4,4.80,5.34
220,Dessert3,Object,5.1,1.35,145,subset3,4.62,5.21
221,Dessert4,Object,4.46,1.32,145,subset3,4.00,4.22
222,Dessert5,Object,4.84,1.49,140,subset2,3.72,3.65
223,Dessert6,Object,4.69,1.49,140,subset2,4.92,5.40
224,Dessert7,Object,4.57,1.36,104,subset4,5.69,5.80
225,Dessert8,Person,4.48,1.39,145,subset3,3.62,3.42
226,Destruction1,Scene,4.62,1.74,140,subset2,4.04,4.42
227,Destruction4,Scene,2.59,1.63,145,subset3,5.04,4.81
228,Destruction5,Scene,2.47,1.64,140,subset2,5.17,4.88
229,Destruction6,Scene,2.47,1.41,104,subset4,4.52,4.14
230,Destruction7,Scene,2.95,1.72,145,subset3,4.64,4.80
231,Destruction8,Scene,2.31,1.61,104,subset4,4.33,4.36
232,Destruction9,Scene,3.19,1.83,104,subset4,4.31,4.30
233,Destruction10,Scene,2.02,1.44,145,subset3,5.19,5.74
234,Dirt1,Scene,3.85,1.70,368,subset1,2.10,1.58
235,Destruction2,Scene,2.36,1.44,145,subset3,4.38,4.05
236,Destruction3,Scene,1.98,1.41,368,subset1,1.68,1.49
237,Dirt2,Scene,5.86,1.17,145,subset3,3.38,3.04
238,Dirt3,Scene,3.94,1.71,104,subset4,4.39,4.49
239,Dirt4,Scene,3.33,1.74,104,subset4,4.25,3.86
240,Dirt5,Scene,3.25,1.57,368,subset1,3.39,3.13
241,Dock1,Scene,5.98,1.08,145,subset3,3.76,3.92
242,Doctor1,Person,3.28,1.67,104,subset4,4.68,5.06
243,Doctor2,Person,3.44,1.60,140,subset2,3.38,2.88
244,Doctor3,Person,3.41,1.53,104,subset4,4.97,4.54
245,Doctor4,Person,2.85,1.58,140,subset2,4.90,4.75
246,Doctor5,Person,2.94,1.56,104,subset4,5.04,5.76
247,Doctor6,Person,2.99,1.60,140,subset2,4.56,4.88
248,Doctor7,Person,2.72,1.61,145,subset3,5.13,5.12
249,Doctor8,Person,3.09,1.70,140,subset2,4.44,4.88
250,Doctor9,Person,3.19,1.58,145,subset3,4.52,4.30
251,Dog1,Animal,5.26,1.35,368,subset1,3.28,2.66
252,Dog2,Animal,5.66,1.22,145,subset3,5.24,5.32
253,Dog3,Animal,5.11,1.43,368,subset1,4.19,4.16
254,Dog4,Animal,6,1.05,145,subset3,5.00,5.17
255,Dog5,Animal,5.4,1.49,104,subset4,5.17,5.80
256,Dog6,Animal,5.95,1.22,368,subset1,3.78,3.54
257,Dog7,Animal,5.86,1.15,368,subset1,5.16,5.70
258,Dog8,Animal,5.21,1.32,368,subset1,3.29,3.18
259,Dog9,Animal,4.48,1.48,368,subset1,3.79,4.00
260,Dog10,Animal,5.23,1.30,140,subset2,4.24,4.56
261,Dog11,Animal,5.01,1.42,368,subset1,3.80,3.86
262,Dog12,Animal,5.54,1.31,104,subset4,5.85,6.26
263,Dog13,Animal,5.2,1.37,368,subset1,6.26,6.45
264,Dog14,Animal,5.23,1.43,140,subset2,5.81,6.10
265,Dog15,Animal,3.76,1.99,104,subset4,5.52,5.83
266,Dog16,Animal,5.4,1.31,140,subset2,5.85,6.10
267,Dog17,Animal,5.05,1.41,140,subset2,5.86,6.20
268,Dog18,Animal,5.79,1.10,145,subset3,5.32,5.73
269,Dog19,Animal,5.2,1.41,140,subset2,5.70,6.06
270,Dog20,Animal,4.95,1.41,368,subset1,3.13,3.26
271,Dog21,Animal,5.14,1.42,368,subset1,3.45,3.61
272,Dog22,Animal,5.3,1.37,368,subset1,3.04,3.64
273,Dog23,Animal,4.94,1.67,368,subset1,5.57,6.13
274,Dog24,Animal,2.95,1.91,140,subset2,5.49,6.09
275,Dog25,Animal,4.67,1.67,104,subset4,5.87,6.30
276,Dog26,Animal,1.86,1.46,140,subset2,5.63,6.02
277,Dog27,Animal,5.58,1.23,145,subset3,5.53,5.88
278,Dog28,Animal,4.67,1.65,140,subset2,5.52,6.06
279,Dog29,Animal,5.08,1.33,368,subset1,5.11,5.78
280,Dog30,Animal,4.34,1.72,140,subset2,5.50,5.63
281,Dog31,Animal,4.04,1.93,104,subset4,5.84,5.89
282,Dogattack1,Animal,3.11,1.68,140,subset2,5.60,6.10
283,Dogattack2,Animal,3.45,1.47,145,subset3,5.15,5.52
284,Dogattack3,Animal,3.39,1.73,368,subset1,4.30,4.23
285,Drink1,Object,4.69,1.46,145,subset3,4.80,4.88
286,Drink2,Object,4.49,1.64,368,subset1,5.04,5.28
287,Dummy1,Object,1.85,1.47,104,subset4,4.96,5.09
288,Eating1,Person,4.65,1.46,104,subset4,5.09,5.24
289,Eating2,Person,4.43,1.46,104,subset4,5.06,5.02
290,Eating3,Person,4.02,1.63,368,subset1,4.92,5.59
291,Elephant1,Animal,5.59,1.24,368,subset1,3.98,3.26
292,Excitedface1,Person,4.56,1.65,104,subset4,4.05,4.16
293,Excitedface2,Person,5.11,1.32,140,subset2,3.24,2.83
294,Excitedface3,Person,4.75,1.47,145,subset3,2.88,3.30
295,Excitedface4,Person,3.16,1.43,145,subset3,2.95,3.03
296,Excitedface5,Person,5.06,1.73,104,subset4,3.46,3.24
297,Excitedface6,Person,4.92,1.49,368,subset1,3.00,3.24
298,Excitedface7,Person,4.11,1.86,104,subset4,4.07,3.68
299,Exercise1,Person,3.68,1.52,145,subset3,3.12,3.00
300,Exercise2,Person,3.52,1.46,368,subset1,3.43,3.01
301,Exercise3,Person,4.22,1.52,104,subset4,5.16,5.70
302,Explosion1,Scene,4.92,1.69,145,subset3,4.58,4.80
303,Explosion2,Scene,5.01,1.88,140,subset2,6.17,6.46
304,Explosion3,Scene,4.34,1.84,104,subset4,5.83,6.11
305,Explosion4,Scene,4.73,1.76,368,subset1,5.54,6.18
306,Explosion5,Scene,4.35,1.89,104,subset4,6.08,6.32
307,Explosion6,Scene,4.31,1.74,104,subset4,5.39,6.26
308,Father1,Person,5.45,1.62,104,subset4,5.58,6.05
309,Feces1,Object,1.82,1.21,145,subset3,6.15,6.70
310,Feces2,Object,1.58,1.24,368,subset1,5.94,5.93
311,Fence1,Object,3.19,1.65,140,subset2,2.54,2.10
312,Fence2,Object,4.46,1.45,145,subset3,3.89,3.72
313,Fence3,Object,4.05,1.60,145,subset3,1.84,1.88
314,Fence4,Object,3.27,1.72,145,subset3,2.63,1.90
315,Fence5,Object,3.86,1.65,145,subset3,2.06,1.82
316,Fence6,Object,4.87,1.33,368,subset1,2.64,1.91
317,Ferret1,Animal,3.11,1.69,140,subset2,2.27,2.40
318,Fire1,Person,4.74,1.58,140,subset2,2.39,1.88
319,Fire2,Scene,4.83,1.74,145,subset3,2.22,2.41
320,Fire3,Scene,4.71,1.61,104,subset4,4.28,3.42
321,Fire4,Scene,5.12,1.66,140,subset2,3.83,4.14
322,Fire5,Scene,4.65,1.87,104,subset4,4.73,4.87
323,Fire6,Scene,4.4,1.87,140,subset2,5.22,5.64
324,Fire7,Scene,2.94,1.79,140,subset2,4.83,5.68
325,Fire8,Scene,5.27,1.51,368,subset1,4.92,5.20
326,Fire9,Scene,4.17,2.01,140,subset2,4.03,4.32
327,Fire10,Scene,5.1,1.43,145,subset3,5.13,5.63
328,Fire11,Scene,5.47,1.71,104,subset4,5.70,5.82
329,Firehydrant1,Object,3.65,1.55,140,subset2,4.86,5.45
330,Firehydrant2,Object,3.25,1.58,368,subset1,4.75,5.18
331,Firehydrant3,Object,3.88,1.38,145,subset3,4.85,5.48
332,Firehydrant4,Object,4.39,1.38,104,subset4,4.44,4.68
333,Fireman1,Person,3.83,1.54,140,subset2,4.57,5.09
334,Fireworks1,Scene,6.07,1.00,145,subset3,3.60,3.38
335,Fireworks2,Scene,6.35,1.03,368,subset1,5.02,5.68
336,Fireworks3,Scene,5.96,1.17,368,subset1,5.07,5.34
337,Fireworks4,Scene,5.67,1.29,368,subset1,5.28,5.60
338,Fireworks5,Scene,5.97,0.96,104,subset4,4.87,5.08
339,Fireworks6,Scene,6.02,1.17,368,subset1,4.91,5.43
340,Fireworks7,Scene,5.9,1.00,145,subset3,5.31,5.37
341,Flood1,Scene,3.19,1.60,104,subset4,4.98,5.46
342,Flood2,Scene,3.52,1.38,145,subset3,4.91,4.97
343,Flood3,Scene,3.33,1.73,104,subset4,4.54,4.86
344,Flowers1,Object,5.87,1.00,145,subset3,4.09,4.92
345,Flowers2,Object,5.79,1.23,145,subset3,4.66,5.04
346,Flowers3,Object,6.08,1.21,104,subset4,5.51,5.96
347,Flowers4,Object,5.83,1.18,368,subset1,4.81,5.26
348,Flowers5,Object,5.72,1.05,140,subset2,3.31,2.78
349,Flowers6,Object,5.79,1.26,368,subset1,3.07,2.91
350,Flowers7,Object,5.57,1.26,140,subset2,3.08,2.60
351,Flowers8,Object,5.87,1.10,140,subset2,3.40,2.95
352,Flowers9,Object,5.84,1.13,145,subset3,3.21,2.61
353,Flowers10,Object,5.34,1.44,368,subset1,2.60,2.24
354,Food1,Object,4.25,1.44,145,subset3,3.04,2.70
355,Food2,Object,4.84,1.46,104,subset4,3.15,2.54
356,Food3,Object,5.15,1.35,104,subset4,2.63,1.91
357,Food4,Object,5.03,1.55,368,subset1,4.12,4.40
358,Food5,Object,5.17,1.46,140,subset2,2.98,2.37
359,Food6,Object,5.04,1.56,104,subset4,2.93,3.02
360,Footballplayer1,Person,3.63,1.70,104,subset4,4.98,4.74
361,Frisbee1,Person,4.11,1.45,368,subset1,4.57,4.46
362,Frustratedpose1,Person,3.01,1.65,145,subset3,4.35,4.27
363,Frustratedpose2,Person,3.1,1.60,368,subset1,2.42,2.08
364,Frustratedpose3,Person,2.99,1.66,140,subset2,3.94,4.53
365,Frustratedpose4,Person,3.36,1.60,104,subset4,3.27,3.83
366,Frustratedpose5,Person,3.13,1.70,140,subset2,5.05,5.14
367,Frustratedpose6,Person,3.84,1.59,145,subset3,4.89,4.72
368,Frustratedpose7,Person,3.07,1.66,145,subset3,4.33,4.60
369,Frustratedpose8,Person,3.19,1.65,145,subset3,5.72,6.00
370,Funeral1,Scene,4.68,1.64,368,subset1,4.17,4.70
371,Galaxy1,Scene,6.31,1.00,104,subset4,4.06,4.41
372,Galaxy2,Scene,5.98,1.29,140,subset2,4.88,5.11
373,Galaxy3,Scene,5.85,1.56,104,subset4,5.54,5.95
374,Galaxy4,Scene,6.2,1.18,368,subset1,4.69,4.86
375,Galaxy5,Scene,5.86,1.32,140,subset2,5.11,5.53
376,Galaxy6,Scene,5.83,1.20,145,subset3,1.59,1.34
377,Galaxy7,Scene,6.41,1.07,104,subset4,1.99,2.16
378,Galaxy8,Scene,5.94,1.35,140,subset2,1.92,1.95
379,Garbagedump1,Scene,2.33,1.55,104,subset4,4.68,4.52
380,Garbagedump2,Scene,1.86,1.30,145,subset3,1.63,1.29
381,Garbagedump3,Scene,2.28,1.65,104,subset4,2.57,2.29
382,Garbagedump4,Scene,1.94,1.37,104,subset4,2.99,3.38
383,Garbagedump5,Scene,2.24,1.45,140,subset2,2.66,2.70
384,Garbagedump6,Scene,2.35,1.65,368,subset1,3.16,3.03
385,Garbagedump7,Scene,2.14,1.40,104,subset4,3.18,2.92
386,Garbagedump8,Scene,2.32,1.72,368,subset1,3.54,4.20
387,Gargoyle1,Object,3.81,1.78,140,subset2,3.29,3.34
388,Gargoyle2,Object,3.98,1.85,104,subset4,3.23,3.07
389,Gazing1,Person,4.78,1.53,145,subset3,3.91,3.38
390,Gazing2,Person,5.24,1.50,104,subset4,4.38,4.51
391,Gazing3,Person,5.06,1.49,368,subset1,3.67,3.50
392,Gazing4,Person,4.19,1.44,140,subset2,2.22,1.68
393,Gazing5,Person,5.38,1.36,368,subset1,1.00,1.00
394,Gazing6,Person,5.76,1.14,104,subset4,3.58,2.63
395,Gazing7,Person,5.18,1.49,140,subset2,3.75,3.51
396,Goat1,Animal,4.99,1.29,145,subset3,6.18,6.39
397,Goat2,Animal,5.19,1.22,145,subset3,6.28,6.50
398,Gorrila1,Animal,4.57,1.58,368,subset1,6.15,6.58
399,Grass1,Scene,4.85,1.33,145,subset3,5.84,6.01
400,Grass2,Scene,5.2,1.44,104,subset4,6.15,6.60
401,Grass3,Scene,5.43,1.31,104,subset4,4.06,3.81
402,Grass4,Scene,4.98,1.46,368,subset1,4.57,4.72
403,Grass5,Scene,5.17,1.44,368,subset1,6.34,6.55
404,Grass6,Scene,5.34,1.29,140,subset2,6.22,6.50
405,Grass7,Scene,5.21,1.45,104,subset4,6.52,6.66
406,Graveyard1,Scene,4.95,1.55,145,subset3,6.40,6.52
407,Graveyard2,Scene,4.7,1.69,368,subset1,6.09,6.25
408,Graveyard3,Scene,4.49,1.77,104,subset4,6.44,6.86
409,Graveyard4,Scene,4.86,1.45,145,subset3,6.22,6.64
410,Guitar1,Person,5.06,1.34,140,subset2,6.76,6.88
411,Gun1,Object,3.01,1.64,145,subset3,6.53,6.72
412,Gun2,Person,2.99,1.64,368,subset1,3.84,3.45
413,Gun3,Object,2.84,1.71,368,subset1,6.38,6.47
414,Gun4,Object,3.17,1.86,368,subset1,5.52,5.74
415,Gun5,Object,2.91,1.75,368,subset1,4.94,5.68
416,Gun6,Object,2.42,1.65,368,subset1,5.70,5.98
417,Gun7,Object,2.88,1.53,104,subset4,5.78,5.92
418,Gun8,Object,2.86,1.54,104,subset4,5.72,6.01
419,Gun9,Object,2.24,1.49,140,subset2,6.01,6.38
420,Gun10,Object,2.67,1.69,368,subset1,6.18,6.24
421,Hallway1,Scene,2.97,1.69,368,subset1,5.77,5.72
422,Hanggliding1,Person,4.85,1.43,140,subset2,6.03,6.10
423,Hanggliding2,Person,4.52,1.43,368,subset1,3.90,4.10
424,Hanggliding3,Person,4.32,1.40,368,subset1,5.87,6.01
425,Hangover1,Person,2.24,1.41,140,subset2,5.33,5.95
426,Happyface1,Person,4.26,1.55,145,subset3,4.55,4.64
427,Happyface2,Person,3.57,1.49,140,subset2,5.33,5.68
428,Happypose1,Person,5.1,1.28,368,subset1,4.86,5.28
429,Happypose2,Person,4.8,1.31,140,subset2,4.53,4.28
430,Happypose3,Scene,5.87,1.26,140,subset2,5.38,4.83
431,Heart1,Object,4.46,1.50,140,subset2,4.44,4.59
432,Heart2,Object,4.25,1.48,140,subset2,4.87,4.87
433,Heart3,Object,5,1.37,368,subset1,4.77,5.22
434,Horse1,Animal,5.74,1.17,368,subset1,4.18,3.96
435,Horseracing1,Animal,4.77,1.83,104,subset4,3.91,4.92
436,House1,Scene,5.32,1.44,368,subset1,4.15,4.96
437,Injury1,Person,1.46,0.88,140,subset2,3.77,4.29
438,Injury2,Person,2.09,1.49,368,subset1,3.57,3.76
439,Injury3,Person,1.94,1.35,368,subset1,3.30,3.16
440,Injury4,Person,1.44,1.09,140,subset2,3.17,3.73
441,Intensity1,Person,2.41,1.39,145,subset3,1.83,1.88
442,Jail1,Scene,3.19,1.85,368,subset1,3.85,3.16
443,Jail2,Scene,2.68,1.66,140,subset2,3.13,2.64
444,Jail3,Scene,3.09,1.81,140,subset2,4.35,4.19
445,Jail4,Scene,3.03,1.82,145,subset3,4.37,4.22
446,Jail5,Scene,3.86,1.76,104,subset4,3.97,4.16
447,Keyboard1,Object,3.32,1.67,368,subset1,4.93,4.78
448,Keyboard2,Object,3.16,1.64,368,subset1,3.97,4.22
449,Keyboard3,Object,3.65,1.51,104,subset4,4.02,4.17
450,Keys1,Object,3.59,1.66,104,subset4,3.87,4.32
451,KKKrally1,Person,1.96,1.47,104,subset4,5.45,5.77
452,KKKrally2,Person,1,0.00,104,subset4,5.54,5.88
453,Knife1,Object,3.06,1.68,140,subset2,5.11,4.82
454,Knife2,Object,3.62,1.75,140,subset2,3.81,3.84
455,Lake1,Scene,6.28,0.97,368,subset1,5.17,5.41
456,Lake2,Scene,6.38,0.90,104,subset4,5.14,5.32
457,Lake3,Scene,6.38,0.91,145,subset3,4.45,4.32
458,Lake4,Scene,5.94,1.21,140,subset2,4.92,5.26
459,Lake5,Scene,6.39,0.87,145,subset3,5.06,5.18
460,Lake6,Scene,4.65,1.45,368,subset1,4.91,4.62
461,Lake7,Scene,6.46,0.88,140,subset2,4.83,5.08
462,Lake8,Scene,6.37,0.86,140,subset2,4.28,3.97
463,Lake9,Scene,6.59,0.83,368,subset1,4.66,5.18
464,Lake10,Scene,6.46,0.76,145,subset3,6.40,6.70
465,Lake11,Scene,6.18,1.00,140,subset2,6.04,6.46
466,Lake12,Scene,6.64,0.82,104,subset4,2.25,1.86
467,Lake13,Scene,6.45,0.94,140,subset2,2.42,2.61
468,Lake14,Scene,6.83,0.56,145,subset3,4.28,4.40
469,Lake15,Scene,6.62,0.86,368,subset1,3.31,3.73
470,Lake16,Scene,6.43,0.84,140,subset2,2.95,3.12
471,Lake17,Scene,5.64,1.18,140,subset2,2.63,3.14
472,Lamb1,Animal,5.34,1.20,145,subset3,5.76,4.97
473,Lava1,Scene,5.84,1.34,104,subset4,4.18,4.39
474,Lightning1,Scene,5.85,1.58,104,subset4,5.74,6.07
475,Lightning2,Scene,5.88,1.30,145,subset3,3.42,3.64
476,Lightning3,Scene,6.21,1.05,145,subset3,4.79,5.08
477,Lightning4,Scene,6.2,1.17,368,subset1,4.89,4.55
478,Lightning5,Scene,5.74,1.27,140,subset2,4.67,4.12
479,Lightning6,Scene,6.06,1.08,145,subset3,4.50,4.28
480,Lightning7,Scene,5.94,1.10,145,subset3,4.12,3.83
481,Lion1,Animal,5.66,1.16,145,subset3,5.58,4.98
482,Lion2,Animal,4.6,1.60,140,subset2,4.64,4.32
483,Lion3,Animal,5.5,1.34,104,subset4,4.87,4.78
484,Lion4,Animal,5.09,1.39,140,subset2,5.04,4.59
485,Lion5,Animal,4.4,1.79,368,subset1,4.74,4.10
486,Massage1,Person,5.1,1.40,368,subset1,4.94,4.64
487,Massage2,Person,4.52,1.51,140,subset2,4.08,2.23
488,Meerkat1,Animal,4.88,1.38,145,subset3,4.48,3.42
489,Memorial1,Scene,4.99,1.49,368,subset1,5.34,5.25
490,Memorial2,Scene,4.39,1.81,104,subset4,4.09,4.35
491,Memorial3,Scene,4.54,1.66,104,subset4,4.37,2.61
492,Miserableface1,Person,4.05,1.74,140,subset2,3.39,3.91
493,Miserableface2,Person,3.66,1.83,104,subset4,3.22,3.12
494,Miserablepose1,Person,3.23,1.68,104,subset4,3.24,3.36
495,Miserablepose2,Person,3.46,1.73,368,subset1,3.24,3.66
496,Miserablepose3,Person,1.86,1.54,368,subset1,3.17,3.93
497,Miserablepose4,Person,3.47,1.61,145,subset3,3.50,4.45
498,Miserablepose5,Person,2.89,1.43,104,subset4,2.47,2.54
499,Money1,Object,4.27,1.60,368,subset1,3.66,3.87
500,Monkey1,Animal,4.86,1.50,104,subset4,2.64,2.89
501,Monkey2,Animal,4.1,1.84,368,subset1,4.69,4.56
502,Monkey3,Animal,4.1,1.65,368,subset1,2.67,2.34
503,Monkey4,Animal,4.1,1.78,368,subset1,3.05,3.84
504,Moon1,Scene,5.61,1.34,368,subset1,3.28,4.08
505,Mother1,Person,5.7,1.34,104,subset4,3.33,3.72
506,Mother2,Person,4.97,1.57,104,subset4,2.81,3.46
507,Mother3,Person,3.83,1.81,140,subset2,3.39,4.11
508,Mother4,Person,5.3,1.45,140,subset2,2.78,3.30
509,Mother5,Person,5.23,1.41,368,subset1,2.82,2.79
510,Mother6,Person,5.11,1.54,140,subset2,3.99,4.54
511,Mother7,Person,5.12,1.71,104,subset4,2.77,3.00
512,Mother8,Person,4.77,1.79,104,subset4,3.99,3.03
513,Mother9,Person,4.95,1.69,104,subset4,3.79,4.45
514,Motocross1,Person,4.11,1.48,140,subset2,3.32,3.59
515,Musician1,Person,4.94,1.44,140,subset2,4.42,5.01
516,Nature1,Scene,6.57,0.75,145,subset3,3.05,3.75
517,Nature2,Scene,6.24,0.85,104,subset4,5.07,3.64
518,Neonazi1,Person,2.04,1.45,140,subset2,4.06,2.96
519,Neutralface1,Person,2.52,1.39,140,subset2,5.21,2.86
520,Neutralface2,Person,3.55,1.46,145,subset3,4.67,3.83
521,Neutralface3,Person,3.04,1.50,368,subset1,5.39,4.52
522,Neutralface4,Person,2.9,1.37,145,subset3,5.13,4.38
523,Neutralface5,Person,5.36,1.38,368,subset1,3.87,2.86
524,Neutralpose1,Person,4.27,1.47,368,subset1,5.65,5.02
525,Neutralpose2,Scene,5.9,1.13,368,subset1,5.64,5.01
526,Neutralpose3,Person,3.54,1.69,140,subset2,4.86,3.28
527,Nudecouple1,Person,4.95,1.40,145,subset3,4.88,3.18
528,Nudecouple2,Person,4.72,1.43,368,subset1,5.88,5.16
529,Nudecouple3,Person,4.4,1.52,104,subset4,5.22,4.63
530,Nudecouple4,Person,3.97,1.41,145,subset3,5.22,3.70
531,Nudecouple5,Person,5.28,1.57,368,subset1,4.94,3.38
532,Nudecouple6,Person,4.46,2.01,140,subset2,5.41,4.20
533,Nudecouple7,Person,4.83,1.54,104,subset4,5.02,3.82
534,Nudecouple8,Person,4.82,1.59,368,subset1,3.56,2.70
535,Nudecouple9,Person,4.43,1.75,104,subset4,5.29,3.41
536,Nudecouple10,Person,4.8,1.42,104,subset4,5.16,3.82
537,Nudecouple11,Person,3.14,2.02,368,subset1,4.94,3.62
538,Nudecouple12,Person,3.97,1.78,104,subset4,4.94,3.91
539,Nudecouple13,Person,5.27,1.22,145,subset3,4.98,3.43
540,Nudecouple14,Person,3.48,2.08,368,subset1,4.84,3.45
541,Nudeman1,Person,3.66,1.62,368,subset1,3.20,3.27
542,Nudeman2,Person,3.17,1.61,104,subset4,2.97,2.84
543,Nudeman4,Person,3.3,1.75,104,subset4,4.36,4.57
544,Nudeman5,Person,3.44,1.76,104,subset4,3.89,3.61
545,Nudeman6,Person,3.59,1.58,140,subset2,6.15,6.66
546,Nudeman7,Person,4.01,1.90,140,subset2,3.02,2.40
547,Nudeman8,Person,2.51,1.70,140,subset2,3.45,3.45
548,Nudeman9,Person,3.78,1.60,145,subset3,4.85,5.04
549,Nudeman10,Person,2.78,1.68,140,subset2,4.77,4.97
550,Nudeman11,Person,2.51,1.58,104,subset4,3.62,3.89
551,Nudeman12,Person,3.48,1.58,140,subset2,3.80,3.26
552,Nudeman13,Person,3.71,1.75,140,subset2,2.93,3.03
553,Nudeman14,Person,3.52,1.65,104,subset4,3.46,3.90
554,Nudeman15,Person,3.13,1.78,104,subset4,3.36,3.23
555,Nudeman16,Person,3.78,1.87,140,subset2,4.10,3.87
556,Nudeman17,Person,3.06,1.85,140,subset2,4.44,4.46
557,Nudeman18,Person,2.82,1.72,368,subset1,6.36,6.64
558,Nudeman19,Person,4.27,1.60,368,subset1,3.30,3.16
559,Nudeman20,Person,2.89,1.82,140,subset2,4.21,4.61
560,Nudeman3,Person,4.16,1.44,145,subset3,3.34,3.09
561,Nudeman21,Person,3.46,1.90,368,subset1,3.72,3.29
562,Nudeman22,Person,4.72,1.68,368,subset1,4.76,5.12
563,Nudeman23,Person,3.43,1.86,140,subset2,5.27,5.53
564,Nudewoman1,Person,4.38,1.70,104,subset4,4.23,4.17
565,Nudewoman2,Person,3.53,1.87,104,subset4,4.78,4.94
566,Nudewoman3,Person,4.02,2.13,368,subset1,4.36,4.60
567,Nudewoman4,Person,4.21,1.89,140,subset2,4.78,5.44
568,Nudewoman5,Person,4.97,1.69,104,subset4,5.54,6.12
569,Nudewoman6,Person,4.72,1.63,140,subset2,4.87,5.01
570,Nudewoman7,Person,5.35,1.54,104,subset4,4.40,4.65
571,Nudewoman8,Person,5.3,1.36,145,subset3,4.80,4.86
572,Nudewoman9,Person,4,1.94,140,subset2,3.94,3.68
573,Nudewoman10,Person,4.02,2.00,368,subset1,4.68,5.11
574,Nudewoman11,Person,5.5,1.27,145,subset3,5.93,6.24
575,Nudewoman12,Person,4.9,1.77,140,subset2,5.66,6.31
576,Nudewoman13,Person,4.39,1.87,140,subset2,5.29,5.32
577,Nudewoman14,Person,4.09,1.79,145,subset3,3.58,3.24
578,Nudewoman15,Person,4.83,1.90,104,subset4,4.56,4.54
579,Nudewoman16,Person,4.44,1.87,104,subset4,5.45,5.42
580,Nudewoman17,Person,4.33,1.98,368,subset1,4.97,5.42
581,Nudewoman18,Person,4.43,1.85,145,subset3,4.93,4.78
582,Nudewoman19,Person,4.22,1.99,140,subset2,3.13,3.47
583,Nudewoman20,Person,4.37,1.51,145,subset3,4.46,4.34
584,Nudewoman21,Person,4.19,1.92,368,subset1,4.08,4.16
585,Nudewoman22,Person,4.09,1.81,140,subset2,3.94,4.24
586,Officesupplies1,Object,3.24,1.59,368,subset1,4.09,4.32
587,Officesupplies2,Object,2.89,1.37,145,subset3,4.63,4.49
588,Officesupplies3,Object,4.48,1.47,145,subset3,4.72,5.05
589,Officesupplies4,Object,3.74,1.78,140,subset2,4.63,4.93
590,Officesupplies5,Object,2.72,1.40,104,subset4,5.09,5.84
591,Opossum1,Animal,3.46,1.62,145,subset3,4.83,4.95
592,Orangutan1,Animal,4.94,1.68,104,subset4,2.28,2.00
593,Ornament1,Object,4.87,1.49,368,subset1,4.71,5.25
594,Paintbrush1,Object,3.76,1.70,368,subset1,4.47,4.74
595,Paper1,Object,3.54,1.73,104,subset4,5.21,5.55
596,Paper2,Object,2.99,1.63,368,subset1,4.55,4.47
597,Paper3,Object,3.67,1.66,104,subset4,3.99,3.60
598,Paper4,Object,3.28,1.57,145,subset3,3.51,3.39
599,Paper5,Object,3.99,1.44,145,subset3,3.21,3.26
600,Paperclips1,Object,3.23,1.61,104,subset4,3.05,3.22
601,Paperclips2,Object,4.41,1.73,368,subset1,4.96,5.55
602,Paperclips3,Object,3.2,1.53,145,subset3,3.24,3.05
603,Paperclips4,Object,3.48,1.49,145,subset3,3.02,2.60
604,Parachuting1,Scene,4.94,1.23,145,subset3,3.80,3.86
605,Parachuting2,Person,5.41,1.34,140,subset2,2.83,3.16
606,Parachuting3,Person,4.2,1.32,140,subset2,2.45,2.32
607,Parachuting4,Person,4.86,1.44,104,subset4,3.17,3.16
608,Parade1,Person,4.48,1.40,145,subset3,4.45,4.42
609,Parasailing1,Scene,5.1,1.66,104,subset4,4.82,5.15
610,Parasailing2,Person,4.92,1.39,145,subset3,4.69,4.96
611,Parasailing3,Scene,4.53,1.37,145,subset3,4.57,4.98
612,Parasailing4,Scene,4.83,1.44,140,subset2,5.58,5.79
613,Party1,Person,3.8,1.55,140,subset2,3.06,3.24
614,Path1,Scene,4.9,1.39,368,subset1,4.18,4.65
615,Penguins1,Animal,6.08,1.06,368,subset1,4.41,4.91
616,Penguins2,Animal,5.99,1.22,145,subset3,4.70,4.88
617,Performance1,Scene,5.3,1.33,368,subset1,4.86,4.78
618,Performance2,Scene,3.39,1.64,140,subset2,4.42,4.48
619,Phone1,Object,4.55,1.55,140,subset2,4.31,4.32
620,Picnic1,Person,5.21,1.42,140,subset2,4.85,4.98
621,Picnic2,Person,4.86,1.68,104,subset4,4.51,4.60
622,Picnic3,Person,3.3,1.55,145,subset3,4.70,5.38
623,Picnic4,Person,4.4,1.52,104,subset4,5.54,5.96
624,Pig1,Animal,4.12,1.47,140,subset2,6.13,6.42
625,Pig2,Animal,4.09,1.69,104,subset4,6.13,6.56
626,Pigeon1,Animal,4.2,1.52,104,subset4,5.63,5.51
627,Pigeon2,Animal,4.55,1.46,140,subset2,5.17,5.36
628,Pigeon3,Animal,4.89,1.47,368,subset1,4.28,4.08
629,Pigeon4,Animal,4.79,1.30,140,subset2,4.67,4.61
630,Pigeon5,Animal,4.89,1.37,140,subset2,4.43,4.58
631,Pigeon6,Animal,2.12,1.33,145,subset3,4.31,3.93
632,Pinecone1,Object,4.99,1.42,368,subset1,4.47,5.20
633,Pinecone2,Object,4.61,1.49,368,subset1,4.37,4.65
634,Pinecone3,Object,5.39,1.10,145,subset3,5.28,5.30
635,Pinecone4,Object,4.51,1.55,140,subset2,4.09,4.18
636,Planecrash1,Object,3.76,1.79,145,subset3,5.13,5.64
637,Planecrash2,Scene,3.43,1.58,145,subset3,4.34,4.90
638,Planecrash3,Scene,3.24,1.92,368,subset1,3.91,3.79
639,Planecrash4,Object,3.15,1.71,368,subset1,4.23,4.07
640,Police1,Person,3.16,1.75,368,subset1,4.14,4.30
641,Police2,Person,2.82,1.67,104,subset4,4.22,3.84
642,Police3,Person,3.83,1.58,368,subset1,3.84,3.86
643,Police4,Person,2.99,1.54,104,subset4,3.89,3.76
644,Police5,Person,2.38,1.36,140,subset2,4.22,3.92
645,Pollution1,Scene,3.16,1.84,104,subset4,5.22,5.65
646,Powerlines1,Scene,4.44,1.61,140,subset2,3.37,3.35
647,Present1,Object,4.99,1.42,368,subset1,3.31,3.13
648,Present2,Object,4.84,1.33,145,subset3,3.78,3.67
649,Prison1,Scene,4.78,1.60,368,subset1,4.18,4.49
650,Prison2,Object,3.14,1.67,104,subset4,4.38,4.59
651,Pumpkin1,Object,4.42,1.46,368,subset1,3.79,3.79
652,Raccoon1,Animal,4.66,1.61,368,subset1,4.84,5.06
653,Rafting1,Person,4.79,1.34,368,subset1,5.02,5.14
654,Rafting2,Person,4.83,1.42,368,subset1,3.93,4.08
655,Rafting3,Person,4.43,1.47,145,subset3,4.25,4.78
656,Rafting4,Person,4.32,1.43,368,subset1,5.37,6.04
657,Rafting5,Person,4.91,1.39,104,subset4,3.40,3.51
658,Rafting6,Person,4.53,1.39,145,subset3,3.42,3.60
659,Railroad1,Scene,5.03,1.50,104,subset4,4.67,4.92
660,Rainbow1,Scene,6.27,1.18,104,subset4,4.55,5.01
661,Rainbow2,Scene,6.34,1.09,104,subset4,3.31,3.33
662,Research1,Scene,5.56,1.22,145,subset3,3.85,4.06
663,Road1,Scene,5.27,1.39,140,subset2,2.92,2.87
664,Rockclimbing1,Person,4.18,1.44,104,subset4,2.91,2.65
665,Rockclimbing2,Person,4.65,1.38,145,subset3,4.16,4.22
666,Rockclimbing3,Person,4.5,1.37,368,subset1,3.59,3.82
667,Rockclimbing4,Person,4.11,1.56,140,subset2,5.03,5.07
668,Rocks1,Object,4.86,1.54,140,subset2,3.25,3.66
669,Rocks2,Object,4.52,1.46,145,subset3,3.70,3.58
670,Rocks3,Object,4.14,1.44,145,subset3,3.36,3.99
671,Rocks4,Object,5.38,1.18,104,subset4,3.37,3.94
672,Rocks5,Object,4.62,1.48,368,subset1,3.88,4.08
673,Rocks6,Object,3.84,1.63,140,subset2,4.28,4.09
674,Rocks7,Object,4.14,1.63,140,subset2,5.07,5.36
675,Rollercoaster1,Scene,4.23,1.39,140,subset2,5.54,6.00
676,Rollercoaster2,Scene,4.04,1.52,104,subset4,5.58,4.91
677,Rollercoaster3,Scene,3.84,1.41,145,subset3,4.97,5.21
678,Roofing1,Object,3.83,1.59,104,subset4,2.61,2.75
679,Roofing2,Object,4.08,1.62,104,subset4,4.39,4.70
680,Roofing3,Object,3.38,1.72,368,subset1,2.63,2.74
681,Roofing4,Object,3.23,1.68,145,subset3,4.25,4.33
682,Roofing5,Object,3.72,1.66,140,subset2,2.72,2.88
683,Rooster1,Animal,4.34,1.62,368,subset1,2.69,2.77
684,Rubberduck1,Object,4.49,1.58,140,subset2,2.06,1.86
685,Rugby1,Person,3.79,1.61,368,subset1,2.96,2.80
686,Rugby2,Person,4.95,1.25,145,subset3,3.59,3.54
687,Runningaway1,Person,5.09,1.47,140,subset2,4.73,5.18
688,Sadface1,Person,4,1.92,104,subset4,3.98,4.71
689,Sadface2,Person,4.51,1.69,368,subset1,4.35,4.66
690,Sadface3,Person,3.47,1.55,145,subset3,4.13,4.64
691,Sadface4,Person,3.53,1.53,145,subset3,3.82,3.87
692,Sadface5,Person,4.81,1.42,140,subset2,4.55,4.79
693,Sadface6,Person,4.78,1.61,368,subset1,4.51,5.20
694,Sadface7,Person,3.32,1.62,140,subset2,4.12,4.60
695,Sadface8,Person,3.95,1.83,104,subset4,4.67,4.84
696,Sadface9,Person,2.89,1.53,140,subset2,2.00,1.65
697,Sadpose1,Person,2.76,1.32,145,subset3,4.83,5.20
698,Sadpose2,Person,4.19,1.87,140,subset2,4.64,4.47
699,Sadpose3,Person,3.7,1.89,104,subset4,5.15,5.52
700,Sadpose4,Person,3.64,1.71,104,subset4,3.63,3.80
701,Sadpose5,Person,3.7,1.60,140,subset2,4.42,4.22
702,Sadpose6,Person,3.64,1.70,104,subset4,4.09,3.96
703,Sadpose7,Person,3.99,1.75,368,subset1,4.98,4.96
704,Sailing1,Scene,4.17,1.45,145,subset3,5.05,4.93
705,Sailing2,Scene,5.22,1.25,368,subset1,5.19,5.57
706,Sailing3,Scene,5.76,1.12,104,subset4,4.73,5.13
707,Satellite1,Object,5.2,1.43,145,subset3,4.31,4.29
708,Scaredcat1,Animal,5.08,1.50,368,subset1,4.85,5.32
709,Scaredface1,Person,2.69,1.48,140,subset2,3.36,2.93
710,Scaredface2,Person,2.68,1.30,145,subset3,2.39,2.22
711,Scaredface3,Person,4.29,1.91,140,subset2,3.28,2.62
712,Scaredface4,Person,2.81,1.43,368,subset1,5.75,6.18
713,Scaredface5,Person,2.75,1.47,145,subset3,2.27,2.13
714,Scaryface1,Person,1.94,1.32,145,subset3,2.91,2.29
715,Scaryface2,Person,2.88,1.74,104,subset4,2.51,2.35
716,School1,Person,3.57,1.51,104,subset4,5.15,5.84
717,School2,Person,4.98,1.35,145,subset3,4.69,4.71
718,School3,Person,4.38,1.69,140,subset2,4.53,5.13
719,School4,Person,4.5,1.46,368,subset1,4.26,4.26
720,School5,Person,3.86,1.50,145,subset3,5.45,5.79
721,School6,Person,4.67,1.45,368,subset1,4.80,4.72
722,School7,Person,4.86,1.53,368,subset1,4.30,4.28
723,School8,Person,4.38,1.50,145,subset3,5.53,5.95
724,Seal1,Animal,4.74,1.40,145,subset3,5.22,5.59
725,Severedfinger1,Person,1.82,1.22,145,subset3,4.84,4.56
726,Shark1,Animal,5.01,1.65,104,subset4,4.95,4.62
727,Shark2,Animal,4.55,1.61,140,subset2,2.67,2.75
728,Shark3,Animal,5.34,1.28,145,subset3,5.05,5.38
729,Shark4,Animal,3.71,1.70,104,subset4,5.13,4.93
730,Shark5,Animal,4.03,1.69,104,subset4,5.09,5.17
731,Shark6,Animal,4.97,1.53,140,subset2,5.74,5.80
732,Shark7,Animal,4.99,1.43,140,subset2,3.94,4.00
733,Shark8,Animal,5.4,1.23,145,subset3,4.84,4.78
734,Shark9,Animal,4.95,1.40,145,subset3,5.43,5.88
735,Shark10,Animal,4.3,1.71,140,subset2,4.28,3.88
736,Shark11,Animal,5.11,1.50,145,subset3,4.45,4.66
737,Shooting1,Person,3.15,1.71,368,subset1,5.38,5.52
738,Shot1,Object,2.32,1.39,145,subset3,2.39,2.37
739,Shot2,Person,2.96,1.56,104,subset4,2.33,2.51
740,Shot3,Object,2.21,1.54,368,subset1,2.66,2.60
741,Shot4,Object,2.57,1.67,140,subset2,5.25,4.54
742,Shot5,Object,2.43,1.33,145,subset3,4.07,3.46
743,Siblings1,Person,5.48,1.62,104,subset4,4.30,4.22
744,Sidewalk1,Object,4.7,1.59,140,subset2,4.61,4.40
745,Sidewalk2,Object,4.83,1.50,368,subset1,5.36,6.16
746,Sidewalk3,Object,4.26,1.51,104,subset4,3.47,2.55
747,Sidewalk4,Object,5.64,1.25,140,subset2,4.27,3.34
748,Sidewalk5,Object,4.76,1.50,140,subset2,4.31,3.98
749,Sidewalk6,Object,4.29,1.59,140,subset2,4.94,5.14
750,Skier1,Person,5.4,1.27,368,subset1,5.13,5.63
751,Skijump1,Scene,4.66,1.44,145,subset3,4.92,4.96
752,Skijump2,Scene,4.77,1.35,140,subset2,5.37,5.58
753,Skinhead1,Person,2.71,1.71,140,subset2,5.44,5.99
754,Sky1,Scene,5.21,1.35,368,subset1,3.72,3.56
755,Skydiving1,Scene,5.02,1.44,140,subset2,4.34,4.36
756,Skydiving2,Person,5.14,1.35,140,subset2,4.43,4.90
757,Skydiving3,Person,5.77,1.30,368,subset1,2.77,2.64
758,Skydiving4,Person,3.97,1.62,140,subset2,4.48,4.47
759,Skydiving5,Person,4.78,1.44,145,subset3,5.04,5.12
760,Skyscraper1,Scene,4.09,1.50,104,subset4,3.62,3.91
761,Skyscraper2,Scene,4.56,1.62,140,subset2,4.55,4.57
762,Sleepypose1,Person,5.45,1.25,368,subset1,3.59,4.36
763,Sleepypose2,Person,2.38,1.33,140,subset2,3.66,3.52
764,Sleepypose3,Person,2.41,1.33,145,subset3,3.89,4.18
765,Sleepypose4,Person,2.61,1.51,145,subset3,3.09,3.10
766,Smilingface1,Person,4.86,1.49,140,subset2,2.97,2.71
767,Snake1,Animal,3.78,1.68,104,subset4,5.03,5.16
768,Snake2,Animal,4.26,1.82,104,subset4,4.03,3.88
769,Snake3,Animal,4.51,1.86,104,subset4,3.30,3.17
770,Snake4,Animal,2.97,1.86,140,subset2,4.63,5.02
771,Snake5,Animal,3.76,1.80,140,subset2,3.92,4.01
772,Snake6,Animal,4.15,1.72,104,subset4,3.70,2.87
773,Snow1,Scene,5.03,1.57,145,subset3,5.10,5.47
774,Snow2,Scene,5.39,1.33,368,subset1,4.14,4.18
775,Snow3,Scene,4.94,1.52,140,subset2,5.13,5.21
776,Snow4,Scene,5.47,1.44,104,subset4,5.50,5.63
777,Snow5,Scene,5.72,1.33,368,subset1,5.60,5.76
778,Soccer1,Object,3.64,1.56,104,subset4,5.09,5.27
779,Soccer2,Object,4.35,1.51,140,subset2,4.10,4.42
780,Socks1,Object,2.71,1.55,368,subset1,3.88,3.36
781,Solarpanel1,Scene,4.48,1.63,368,subset1,3.30,3.73
782,Soldiers1,Scene,5.09,1.56,145,subset3,2.86,2.95
783,Soldiers2,Person,3.77,1.65,368,subset1,4.11,4.20
784,Soldiers3,Person,4.56,1.53,145,subset3,5.41,5.48
785,Soldiers4,Scene,4.01,1.72,140,subset2,5.60,5.88
786,Soldiers5,Person,3.57,1.51,145,subset3,5.03,5.35
787,Soldiers6,Person,4.03,1.67,104,subset4,3.58,3.69
788,Soldiers7,Person,3.1,1.63,104,subset4,5.48,5.60
789,Soldiers8,Person,2.83,1.68,140,subset2,5.75,6.34
790,Soldiers9,Person,3.93,1.50,145,subset3,4.94,5.08
791,Soldiers10,Scene,3.23,1.84,368,subset1,6.36,6.50
792,Soup1,Object,4.83,1.44,368,subset1,6.10,6.68
793,Spider1,Animal,3.97,1.84,368,subset1,6.35,6.64
794,Spider2,Animal,3.25,2.02,140,subset2,6.31,6.72
795,Statue1,Object,5.31,1.20,145,subset3,5.96,6.56
796,Statue2,Object,4.16,1.66,368,subset1,5.86,6.22
797,Stingray1,Animal,5.17,1.38,145,subset3,2.82,2.74
798,Stingray2,Animal,5.56,1.36,368,subset1,3.43,3.38
799,Stingray3,Animal,5.68,1.37,368,subset1,2.67,2.53
800,Storage1,Object,3.59,1.73,140,subset2,2.88,2.88
801,Storage2,Object,3.51,1.60,145,subset3,3.03,2.75
802,Storage3,Object,2.92,1.63,368,subset1,3.47,3.22
803,Street1,Scene,4.15,1.42,104,subset4,4.26,4.30
804,Street2,Scene,5.44,1.30,104,subset4,4.46,4.52
805,Street3,Scene,5.74,1.15,368,subset1,3.86,4.33
806,Street4,Scene,5.19,1.33,368,subset1,4.43,4.54
807,Street5,Scene,3.62,1.45,145,subset3,5.41,5.63
808,Sun1,Object,5.54,1.55,368,subset1,6.20,6.51
809,Sunflower1,Scene,6.07,1.00,145,subset3,5.24,5.78
810,Sunset1,Scene,6.44,0.73,140,subset2,5.55,5.49
811,Sunset2,Scene,6.41,1.02,145,subset3,5.91,6.07
812,Sunset3,Scene,6.49,1.02,104,subset4,2.42,2.21
813,Sunset4,Scene,6.51,0.92,104,subset4,6.23,5.89
814,Sunset5,Scene,6.25,1.02,104,subset4,5.73,5.93
815,Sunset6,Scene,6.04,1.18,368,subset1,5.83,5.84
816,Surgery1,Person,2.79,1.53,145,subset3,5.91,6.38
817,Surgery2,Person,3.4,1.74,104,subset4,5.72,6.02
818,Surgery3,Person,2.59,1.50,140,subset2,5.84,6.18
819,Surgery4,Person,2.88,1.56,140,subset2,3.47,3.99
820,Surgery5,Person,3.36,1.64,368,subset1,5.66,6.04
821,Surprise1,Person,4.28,1.54,104,subset4,5.66,6.01
822,Surprise2,Person,4.49,1.68,104,subset4,4.24,4.39
823,Swimming1,Person,4.11,1.39,140,subset2,5.33,5.57
824,Swingset1,Object,4.48,1.43,104,subset4,4.06,4.13
825,Thunderstorm1,Scene,5.52,1.42,368,subset1,3.57,4.01
826,Thunderstorm2,Scene,6.35,1.07,368,subset1,3.90,3.73
827,Thunderstorm3,Scene,5.5,1.29,104,subset4,3.80,3.58
828,Thunderstorm4,Scene,5.5,1.53,145,subset3,2.58,2.16
829,Thunderstorm5,Scene,5.99,1.29,140,subset2,2.34,2.23
830,Thunderstorm6,Scene,6.05,1.07,140,subset2,3.45,3.35
831,Thunderstorm7,Scene,5.84,1.31,140,subset2,3.17,2.53
832,Thunderstorm8,Scene,5.84,1.32,140,subset2,4.45,4.57
833,Thunderstorm9,Scene,6.13,1.20,104,subset4,5.08,5.12
834,Thunderstorm10,Scene,5.87,1.39,104,subset4,2.25,2.28
835,Thunderstorm11,Scene,6.01,1.17,368,subset1,4.82,5.30
836,Tickling1,Person,3.74,1.65,368,subset1,5.43,5.92
837,Tiger1,Animal,5.86,1.08,145,subset3,5.30,5.61
838,Tiger2,Animal,5.86,1.06,145,subset3,3.91,3.94
839,Timber1,Object,4.32,1.60,145,subset3,5.28,5.66
840,Timber2,Object,4.11,1.50,145,subset3,1.67,1.39
841,Timber3,Object,3.79,1.52,145,subset3,5.21,5.53
842,Timber4,Object,3.79,1.56,145,subset3,5.50,4.99
843,Toast1,Person,3.69,1.59,104,subset4,6.05,5.99
844,Toilet1,Object,2.35,1.47,140,subset2,3.06,2.62
845,Toilet2,Object,2.28,1.27,145,subset3,3.02,3.45
846,Toilet3,Object,3.4,1.77,368,subset1,2.75,2.68
847,Toilet4,Object,2.82,1.91,140,subset2,3.08,3.07
848,Tornado1,Scene,4.51,1.77,368,subset1,3.50,2.92
849,Tornado2,Scene,5.1,1.81,140,subset2,2.79,2.69
850,Tornado3,Scene,5.06,1.47,368,subset1,2.33,2.09
851,Tornado4,Scene,5.66,1.34,104,subset4,3.30,3.00
852,Tornado5,Scene,5.45,1.34,145,subset3,3.65,3.60
853,Torturechamber1,Object,3.92,1.76,104,subset4,3.76,3.62
854,Traffic1,Scene,5.49,1.32,145,subset3,4.58,4.22
855,Tumor1,Person,1.52,1.18,145,subset3,2.45,2.20
856,Volcano1,Scene,5.39,1.40,145,subset3,2.61,2.71
857,Volcano2,Scene,5.22,1.73,140,subset2,3.02,2.92
858,Volcano3,Scene,6.01,1.09,140,subset2,4.15,3.71
859,Wall1,Object,2.81,1.58,145,subset3,5.34,5.86
860,Wall2,Object,2.7,1.54,145,subset3,3.61,3.36
861,Wall3,Object,3.08,1.68,368,subset1,4.65,4.81
862,Wall4,Object,3.22,1.70,104,subset4,5.30,5.48
863,Wall5,Object,2.72,1.60,145,subset3,4.63,5.13
864,War1,Person,2.2,1.56,140,subset2,5.30,5.69
865,War2,Scene,3.15,1.83,104,subset4,5.35,5.69
866,War3,Person,3.63,1.70,104,subset4,5.39,5.42
867,War4,Person,3.68,1.62,145,subset3,3.04,3.02
868,War5,Scene,4.4,1.81,145,subset3,4.48,4.86
869,War6,Person,2.31,1.73,140,subset2,4.80,4.88
870,War7,Person,2.97,1.64,104,subset4,4.97,5.04
871,War8,Scene,3.93,1.79,145,subset3,5.02,5.48
872,Waterfall1,Scene,5.61,1.30,145,subset3,4.69,5.26
873,Weapon1,Object,3.46,1.59,145,subset3,4.17,4.74
874,Wedding1,Person,4.73,1.48,368,subset1,5.41,5.63
875,Wedding2,Person,5.37,1.19,145,subset3,3.94,3.90
876,Wedding3,Person,4.9,1.48,140,subset2,5.57,5.86
877,Wedding4,Object,5.5,1.19,145,subset3,4.65,4.85
878,Wedding5,Person,5.52,1.31,368,subset1,2.93,3.19
879,Wedding6,Person,5.39,1.27,145,subset3,4.83,4.74
880,Wedding7,Object,4.66,1.47,104,subset4,3.73,3.80
881,Wedding8,Object,4.84,1.42,368,subset1,3.94,3.79
882,Wedding9,Person,4.99,1.37,145,subset3,3.74,3.78
883,Wedding10,Person,5.25,1.37,368,subset1,4.18,4.09
884,Wedding11,Object,5,1.16,140,subset2,5.13,4.72
885,Wedding12,Scene,4.44,1.47,104,subset4,3.55,3.93
886,Weddingring1,Object,5.53,1.27,140,subset2,5.12,5.39
887,Windmill1,Object,3.9,1.31,145,subset3,5.75,5.77
888,Wolf1,Animal,5.72,1.11,145,subset3,5.30,5.42
889,Wolf2,Animal,4.75,1.66,368,subset1,4.44,4.38
890,Woods1,Scene,4.79,1.73,104,subset4,3.67,3.90
891,Yarn1,Object,3.77,1.75,140,subset2,5.48,5.98
892,Yarn2,Object,3.86,1.54,140,subset2,4.36,5.13
893,Yarn3,Object,3.76,1.50,104,subset4,3.08,3.24
894,Yarn4,Object,4.12,1.41,145,subset3,3.46,3.27
895,Yoga1,Person,4.93,1.44,104,subset4,4.17,3.64
896,Yoga2,Person,3.76,1.54,140,subset2,3.89,3.68
897,Yoga3,Person,5.26,1.17,145,subset3,5.99,6.29
898,Yoga4,Person,5.76,1.16,368,subset1,4.67,5.16
899,Yoga5,Person,5.36,1.21,140,subset2,4.96,5.35
900,Zebra1,Animal,5.73,1.17,368,subset1,5.41,5.50
